origen,destino,codigo
/collections/cuadernos,https://www.scribe.com.co/cuadernos/,301
/products/cuaderno-argollado-pasta-dura-80h-cuadros-scribe-m,https://www.scribe.com.co/cuadernos/,301
/collections/trolley,https://www.scribe.com.co/moda-y-accesorios/,301
/products/cuaderno-cosido-50h-rayas-hello-kitty-friends,https://www.scribe.com.co/cuadernos/,301
/products/cuaderno-argollado-pasta-dura-grande-7-materias-cuadros-natural-zoo,https://www.scribe.com.co/cuadernos/,301
/collections/colores,https://www.scribe.com.co/arte-y-escritura/,301
/products/cuaderno-cosido-pasta-dura-grande-100h-cuadros-incolors,https://www.scribe.com.co/cuadernos/,301
/products/cuaderno-argollado-pasta-dura-mediano-5-materias-cuadros-incolors,https://www.scribe.com.co/cuadernos/,301
/products/plumones-punta-delgada-x12,https://www.scribe.com.co/arte-y-escritura/,301
/collections/loncheras,https://www.scribe.com.co/moda-y-accesorios/,301
/collections/incolors,https://www.scribe.com.co/incolors/,301
/collections/morrales,https://www.scribe.com.co/moda-y-accesorios/,301
/collections/resaltadores,https://www.scribe.com.co/arte-y-escritura/,301
/collections/cartucheras,https://www.scribe.com.co/moda-y-accesorios/,301
/collections/stitch,https://www.scribe.com.co/licencias/,301
/products/cuaderno-argollado-pasta-dura-grande-7-materias-cuadros-inblack,https://www.scribe.com.co/cuadernos/,301
/products/plumones-punta-gruesa-x12,https://www.scribe.com.co/arte-y-escritura/,301
/products/lapiz-grafito-jumbo-no2-x2-unidades,https://www.scribe.com.co/arte-y-escritura/,301
/products/morral-stitch,https://www.scribe.com.co/moda-y-accesorios/,301
/collections/lapices,https://www.scribe.com.co/arte-y-escritura/,301
/collections/marcadores,https://www.scribe.com.co/arte-y-escritura/,301
/products/cuaderno-argollado-pasta-dura-grande-80h-rayas-natural-zoo,https://www.scribe.com.co/cuadernos/,301
/products/colores-unipunta-jumbo-x12,https://www.scribe.com.co/arte-y-escritura/,301
/products/colores-doble-punta-x24,https://www.scribe.com.co/arte-y-escritura/,301
/products/resaltadores-pastel-incolors-x6,https://www.scribe.com.co/arte-y-escritura/,301
/products/cartuchera-classic,https://www.scribe.com.co/moda-y-accesorios/,301
/products/morral-bagpack,https://www.scribe.com.co/moda-y-accesorios/,301
/products/morral-ejecutivo,https://www.scribe.com.co/moda-y-accesorios/,301
/products/morral-shark,https://www.scribe.com.co/moda-y-accesorios/,301
/products/cuaderno-argollado-pasta-dura-80h-cuadros-incolors,https://www.scribe.com.co/cuadernos/,301
/collections/all,https://www.scribe.com.co/,301
/collections/arte-y-escritura,https://www.scribe.com.co/arte-y-escritura/,301
/collections/inblack,https://www.scribe.com.co/cuadernos/,301
/collections/master-kids,https://www.scribe.com.co/licencias/,301
/collections/moda-y-accesorios,https://www.scribe.com.co/moda-y-accesorios/,301
/collections/scribe,https://www.scribe.com.co/arte-y-escritura/,301
/collections/scribe-kids,https://www.scribe.com.co/licencias/,301
/collections/spiderman,https://www.scribe.com.co/licencias/,301
/collections/supertrolley,https://www.scribe.com.co/moda-y-accesorios/,301
/collections/tribals,https://www.scribe.com.co/licencias/,301
/pages/colores,https://www.scribe.com.co/arte-y-escritura/,301
/pages/contact,https://www.scribe.com.co/contacto/,301
/pages/garantias,https://www.scribe.com.co/garantias/,301
/pages/incolors,https://www.scribe.com.co/incolors/,301
/pages/politica-de-tratamiento-de-datos,https://www.scribe.com.co/tratamiento-de-datos/,301
/pages/pqr,https://www.scribe.com.co/pqr/,301
/pages/terminos-y-condiciones-generales,https://www.scribe.com.co/terminos-y-condiciones/,301
/pages/ventas-corporativas,https://www.scribe.com.co/ventas-corporativas/,301
/blogs/novedades,https://www.scribe.com.co/blog/,301
/blogs/novedades/lettering-por-donde-empezar,https://www.scribe.com.co/blog/,301
/blogs/novedades/manifestar-para-principiantes,https://www.scribe.com.co/blog/,301
/blogs/novedades/planea-tu-dia-con-scribe,https://www.scribe.com.co/blog/,301
/blogs/novedades/tu-mente-quiere-que-pintes-mandalas,https://www.scribe.com.co/blog/,301
/products/cartuchera-astronauta,https://www.scribe.com.co/moda-y-accesorios/,301
/products/cartuchera-casual,https://www.scribe.com.co/moda-y-accesorios/,301
/products/cartuchera-classic-tribals,https://www.scribe.com.co/moda-y-accesorios/,301
/products/cartuchera-cohete,https://www.scribe.com.co/moda-y-accesorios/,301
/products/cartuchera-cosmic,https://www.scribe.com.co/moda-y-accesorios/,301
/products/cartuchera-cosmic-cherry,https://www.scribe.com.co/moda-y-accesorios/,301
/products/cartuchera-dino,https://www.scribe.com.co/moda-y-accesorios/,301
/products/cartuchera-dog,https://www.scribe.com.co/moda-y-accesorios/,301
/products/cartuchera-ejecutiva-inblack,https://www.scribe.com.co/moda-y-accesorios/,301
/products/cartuchera-funcional,https://www.scribe.com.co/moda-y-accesorios/,301
/products/cartuchera-funcional-tribals,https://www.scribe.com.co/moda-y-accesorios/,301
/products/cartuchera-futbol,https://www.scribe.com.co/moda-y-accesorios/,301
/products/cartuchera-mariposa,https://www.scribe.com.co/moda-y-accesorios/,301
/products/cartuchera-mermaid,https://www.scribe.com.co/moda-y-accesorios/,301
/products/cartuchera-monster,https://www.scribe.com.co/moda-y-accesorios/,301
/products/cartuchera-multiproposito,https://www.scribe.com.co/moda-y-accesorios/,301
/products/cartuchera-multiusos,https://www.scribe.com.co/moda-y-accesorios/,301
/products/cartuchera-pulpo,https://www.scribe.com.co/moda-y-accesorios/,301
/products/cartuchera-rectangular,https://www.scribe.com.co/moda-y-accesorios/,301
/products/cartuchera-shark,https://www.scribe.com.co/moda-y-accesorios/,301
/products/cartuchera-sport-pro,https://www.scribe.com.co/moda-y-accesorios/,301
/products/cartuchera-triangular,https://www.scribe.com.co/moda-y-accesorios/,301
/products/cartuchera-u,https://www.scribe.com.co/moda-y-accesorios/,301
/products/cartuchera-u-tribals,https://www.scribe.com.co/moda-y-accesorios/,301
/products/colores-doblepunta-incolors-x15,https://www.scribe.com.co/arte-y-escritura/,301
/products/colores-doblepunta-incolors-x30,https://www.scribe.com.co/arte-y-escritura/,301
/products/colores-doblepunta-x13,https://www.scribe.com.co/arte-y-escritura/,301
/products/colores-unipunta-scribe-x13,https://www.scribe.com.co/arte-y-escritura/,301
/products/colores-unipunta-x24,https://www.scribe.com.co/arte-y-escritura/,301
/products/cuaderno-argollado-80h-cuadros-scribe-f,https://www.scribe.com.co/cuadernos/,301
/products/cuaderno-argollado-pasa-dura-5-materias-cuadros-cuero-f,https://www.scribe.com.co/cuadernos/,301
/products/cuaderno-argollado-pasa-dura-5-materias-mixto-cuero-f,https://www.scribe.com.co/cuadernos/,301
/products/cuaderno-argollado-pasa-dura-80h-rayas-cuero-m,https://www.scribe.com.co/cuadernos/,301
/products/cuaderno-argollado-pasta-dura-5-materias-cuadros-inblack,https://www.scribe.com.co/cuadernos/,301
/products/cuaderno-argollado-pasta-dura-5-materias-cuadros-natural-zoo,https://www.scribe.com.co/cuadernos/,301
/products/cuaderno-argollado-pasta-dura-5-materias-mixto-scribe-f,https://www.scribe.com.co/cuadernos/,301
/products/cuaderno-argollado-pasta-dura-7-materias-mixto-scribe-f,https://www.scribe.com.co/cuadernos/,301
/products/cuaderno-argollado-pasta-dura-80h-rayas-incolors-1,https://www.scribe.com.co/cuadernos/,301
/products/cuaderno-argollado-pasta-dura-80h-rayas-scribe-sport-f,https://www.scribe.com.co/cuadernos/,301
/products/cuaderno-argollado-pasta-dura-80h-rayas-scribe-sport-m,https://www.scribe.com.co/cuadernos/,301
/products/cuaderno-argollado-pasta-dura-grande-5-materias-cuadros-inblack,https://www.scribe.com.co/cuadernos/,301
/products/cuaderno-argollado-pasta-dura-grande-5-materias-cuadros-incolors,https://www.scribe.com.co/cuadernos/,301
/products/cuaderno-argollado-pasta-dura-grande-5-materias-cuadros-natural-zoo,https://www.scribe.com.co/cuadernos/,301
/products/cuaderno-argollado-pasta-dura-grande-7-materias-cuadros-tribals,https://www.scribe.com.co/cuadernos/,301
/products/cuaderno-argollado-pasta-dura-grande-7-materias-mixto-inblack,https://www.scribe.com.co/cuadernos/,301
/products/cuaderno-argollado-pasta-dura-grande-7-materias-rayas-incolors,https://www.scribe.com.co/cuadernos/,301
/products/cuaderno-argollado-pasta-dura-grande-80h-cuadros-natural-zoo,https://www.scribe.com.co/cuadernos/,301
/products/cuaderno-cosido-100h-cuadros-dragones,https://www.scribe.com.co/cuadernos/,301
/products/cuaderno-cosido-100h-cuadros-incolors,https://www.scribe.com.co/cuadernos/,301
/products/cuaderno-cosido-100h-cuadros-kimi,https://www.scribe.com.co/cuadernos/,301
/products/cuaderno-cosido-100h-cuadros-my-melody-1,https://www.scribe.com.co/cuadernos/,301
/products/cuaderno-cosido-100h-cuadros-starglow,https://www.scribe.com.co/cuadernos/,301
/products/cuaderno-cosido-100h-rayas-deadpool,https://www.scribe.com.co/cuadernos/,301
/products/cuaderno-cosido-100h-rayas-dragones,https://www.scribe.com.co/cuadernos/,301
/products/cuaderno-cosido-100h-rayas-freefire,https://www.scribe.com.co/cuadernos/,301
/products/cuaderno-cosido-100h-rayas-funny-friends,https://www.scribe.com.co/cuadernos/,301
/products/cuaderno-cosido-100h-rayas-looney-tunes,https://www.scribe.com.co/cuadernos/,301
/products/cuaderno-cosido-100h-rayas-moana-2,https://www.scribe.com.co/cuadernos/,301
/products/cuaderno-cosido-100h-rayas-moana-3,https://www.scribe.com.co/cuadernos/,301
/products/cuaderno-cosido-100h-rayas-mostropi,https://www.scribe.com.co/cuadernos/,301
/products/cuaderno-cosido-100h-rayas-spiderman,https://www.scribe.com.co/cuadernos/,301
/products/cuaderno-cosido-100h-rayas-transformers,https://www.scribe.com.co/cuadernos/,301
/products/cuaderno-cosido-50h-cuadros-deadpool,https://www.scribe.com.co/cuadernos/,301
/products/cuaderno-cosido-50h-cuadros-dragones,https://www.scribe.com.co/cuadernos/,301
/products/cuaderno-cosido-50h-cuadros-hoshi,https://www.scribe.com.co/cuadernos/,301
/products/cuaderno-cosido-50h-cuadros-mickey,https://www.scribe.com.co/cuadernos/,301
/products/cuaderno-cosido-50h-cuadros-moana-2,https://www.scribe.com.co/cuadernos/,301
/products/cuaderno-cosido-50h-cuadros-mostropi,https://www.scribe.com.co/cuadernos/,301
/products/cuaderno-cosido-50h-cuadros-natural-zoo,https://www.scribe.com.co/cuadernos/,301
/products/cuaderno-cosido-50h-cuadros-starglow,https://www.scribe.com.co/cuadernos/,301
/products/cuaderno-cosido-50h-cuadros-transformers,https://www.scribe.com.co/cuadernos/,301
/products/cuaderno-cosido-50h-rayas-dragones,https://www.scribe.com.co/cuadernos/,301
/products/cuaderno-cosido-50h-rayas-hello-kitty-friends-copia,https://www.scribe.com.co/cuadernos/,301
/products/cuaderno-cosido-50h-rayas-hoshi,https://www.scribe.com.co/cuadernos/,301
/products/cuaderno-cosido-50h-rayas-inblack,https://www.scribe.com.co/cuadernos/,301
/products/cuaderno-cosido-50h-rayas-kimi,https://www.scribe.com.co/cuadernos/,301
/products/cuaderno-cosido-50h-rayas-mickey,https://www.scribe.com.co/cuadernos/,301
/products/cuaderno-cosido-50h-rayas-moana-2,https://www.scribe.com.co/cuadernos/,301
/products/cuaderno-cosido-50h-rayas-mostropi,https://www.scribe.com.co/cuadernos/,301
/products/cuaderno-cosido-50h-rayas-transformers,https://www.scribe.com.co/cuadernos/,301
/products/cuaderno-cosido-grande-100h-cuadros-mickey,https://www.scribe.com.co/cuadernos/,301
/products/cuaderno-cosido-grande-100h-cuadros-princesas,https://www.scribe.com.co/cuadernos/,301
/products/cuaderno-cosido-grande-100h-rayas-liga-de-la-justicia,https://www.scribe.com.co/cuadernos/,301
/products/cuaderno-cosido-grande-100h-rayas-mickey,https://www.scribe.com.co/cuadernos/,301
/products/cuaderno-cosido-grande-100h-rayas-spiderman,https://www.scribe.com.co/cuadernos/,301
/products/cuaderno-cosido-grande-50h-cuadros-princesas,https://www.scribe.com.co/cuadernos/,301
/products/cuaderno-cosido-grande-50h-cuadros-spiderman,https://www.scribe.com.co/cuadernos/,301
/products/cuaderno-cosido-grande-50h-cuadros-tribals,https://www.scribe.com.co/cuadernos/,301
/products/cuaderno-cosido-grande-50h-doble-linea-princesas,https://www.scribe.com.co/cuadernos/,301
/products/cuaderno-cosido-grande-50h-rayas-liga-de-la-justicia,https://www.scribe.com.co/cuadernos/,301
/products/cuaderno-cosido-grande-50h-rayas-liga-de-la-justicia-copia,https://www.scribe.com.co/cuadernos/,301
/products/cuaderno-cosido-grande-50h-rayas-princesas,https://www.scribe.com.co/cuadernos/,301
/products/cuaderno-cosido-pasta-dura-100h-cuadros-inblack,https://www.scribe.com.co/cuadernos/,301
/products/cuaderno-cosido-pasta-dura-100h-cuadros-princesas,https://www.scribe.com.co/cuadernos/,301
/products/cuaderno-cosido-pasta-dura-100h-rayas-princesas,https://www.scribe.com.co/cuadernos/,301
/products/cuaderno-cosido-pasta-dura-50h-cuadros-incolors,https://www.scribe.com.co/cuadernos/,301
/products/lochera-cohete,https://www.scribe.com.co/moda-y-accesorios/,301
/products/lochera-cosmic-cherry,https://www.scribe.com.co/moda-y-accesorios/,301
/products/lochera-dino,https://www.scribe.com.co/moda-y-accesorios/,301
/products/lochera-dog,https://www.scribe.com.co/moda-y-accesorios/,301
/products/lochera-multiproposito,https://www.scribe.com.co/moda-y-accesorios/,301
/products/lochera-round,https://www.scribe.com.co/moda-y-accesorios/,301
/products/lochera-shark,https://www.scribe.com.co/moda-y-accesorios/,301
/products/lonchera-astronauta,https://www.scribe.com.co/moda-y-accesorios/,301
/products/lonchera-cards,https://www.scribe.com.co/moda-y-accesorios/,301
/products/lonchera-casual,https://www.scribe.com.co/moda-y-accesorios/,301
/products/lonchera-dragon,https://www.scribe.com.co/moda-y-accesorios/,301
/products/lonchera-ejecutiva-inblack,https://www.scribe.com.co/moda-y-accesorios/,301
/products/lonchera-forest,https://www.scribe.com.co/moda-y-accesorios/,301
/products/lonchera-futbol,https://www.scribe.com.co/moda-y-accesorios/,301
/products/lonchera-gatito,https://www.scribe.com.co/moda-y-accesorios/,301
/products/lonchera-mermaid,https://www.scribe.com.co/moda-y-accesorios/,301
/products/lonchera-multiproposito-tribals,https://www.scribe.com.co/moda-y-accesorios/,301
/products/lonchera-my-melody-pro,https://www.scribe.com.co/moda-y-accesorios/,301
/products/lonchera-one-piece-teens,https://www.scribe.com.co/moda-y-accesorios/,301
/products/lonchera-sirena,https://www.scribe.com.co/moda-y-accesorios/,301
/products/lonchera-transformers-pro,https://www.scribe.com.co/moda-y-accesorios/,301
/products/lonchera-tyrex,https://www.scribe.com.co/moda-y-accesorios/,301
/products/morral-astronauta,https://www.scribe.com.co/moda-y-accesorios/,301
/products/morral-boreal,https://www.scribe.com.co/moda-y-accesorios/,301
/products/morral-cards,https://www.scribe.com.co/moda-y-accesorios/,301
/products/morral-casual,https://www.scribe.com.co/moda-y-accesorios/,301
/products/morral-classic,https://www.scribe.com.co/moda-y-accesorios/,301
/products/morral-classic-tribals,https://www.scribe.com.co/moda-y-accesorios/,301
/products/morral-cohete,https://www.scribe.com.co/moda-y-accesorios/,301
/products/morral-cosmic,https://www.scribe.com.co/moda-y-accesorios/,301
/products/morral-cosmic-cherry,https://www.scribe.com.co/moda-y-accesorios/,301
/products/morral-dead-pool-teens,https://www.scribe.com.co/moda-y-accesorios/,301
/products/morral-dino,https://www.scribe.com.co/moda-y-accesorios/,301
/products/morral-doble-faz-azul-print,https://www.scribe.com.co/moda-y-accesorios/,301
/products/morral-doble-faz-circulos-azul,https://www.scribe.com.co/moda-y-accesorios/,301
/products/morral-doble-faz-flor-lila,https://www.scribe.com.co/moda-y-accesorios/,301
/products/morral-doble-faz-morado-printt,https://www.scribe.com.co/moda-y-accesorios/,301
/products/morral-doble-faz-negro-azul,https://www.scribe.com.co/moda-y-accesorios/,301
/products/morral-doble-faz-print,https://www.scribe.com.co/moda-y-accesorios/,301
/products/morral-doble-faz-rosado-corazones,https://www.scribe.com.co/moda-y-accesorios/,301
/products/morral-doble-faz-tornasol,https://www.scribe.com.co/moda-y-accesorios/,301
/products/morral-doble-faz-verde-militar,https://www.scribe.com.co/moda-y-accesorios/,301
/products/morral-doble-faz-verde-oliva-figuras,https://www.scribe.com.co/moda-y-accesorios/,301
/products/morral-dog,https://www.scribe.com.co/moda-y-accesorios/,301
/products/morral-expandible,https://www.scribe.com.co/moda-y-accesorios/,301
/products/morral-funcional-scribe,https://www.scribe.com.co/moda-y-accesorios/,301
/products/morral-futbol,https://www.scribe.com.co/moda-y-accesorios/,301
/products/morral-gatito,https://www.scribe.com.co/moda-y-accesorios/,301
/products/morral-liga-de-la-justicia-pro,https://www.scribe.com.co/moda-y-accesorios/,301
/products/morral-manager,https://www.scribe.com.co/moda-y-accesorios/,301
/products/morral-mariposa,https://www.scribe.com.co/moda-y-accesorios/,301
/products/morral-mermaid,https://www.scribe.com.co/moda-y-accesorios/,301
/products/morral-monster-scribe-kids,https://www.scribe.com.co/moda-y-accesorios/,301
/products/morral-multiproposito,https://www.scribe.com.co/moda-y-accesorios/,301
/products/morral-multiproposito-tribals,https://www.scribe.com.co/moda-y-accesorios/,301
/products/morral-multiusos-inblack,https://www.scribe.com.co/moda-y-accesorios/,301
/products/morral-my-melody,https://www.scribe.com.co/moda-y-accesorios/,301
/products/morral-my-melody-pro,https://www.scribe.com.co/moda-y-accesorios/,301
/products/morral-office-inblack,https://www.scribe.com.co/moda-y-accesorios/,301
/products/morral-paw-patrol,https://www.scribe.com.co/moda-y-accesorios/,301
/products/morral-princesa,https://www.scribe.com.co/moda-y-accesorios/,301
/products/morral-pulpo,https://www.scribe.com.co/moda-y-accesorios/,301
/products/morral-sirena,https://www.scribe.com.co/moda-y-accesorios/,301
/products/morral-spiderman-gwen-mile,https://www.scribe.com.co/moda-y-accesorios/,301
/products/morral-spiderman-miles,https://www.scribe.com.co/moda-y-accesorios/,301
/products/morral-spiderman-o-hara,https://www.scribe.com.co/moda-y-accesorios/,301
/products/morral-sport-pro,https://www.scribe.com.co/moda-y-accesorios/,301
/products/morral-stitch-pro,https://www.scribe.com.co/moda-y-accesorios/,301
/products/morral-tranformers-one,https://www.scribe.com.co/moda-y-accesorios/,301
/products/morral-transformers-pro,https://www.scribe.com.co/moda-y-accesorios/,301
/products/morral-tyrex,https://www.scribe.com.co/moda-y-accesorios/,301
/products/plumones-punta-delgada-x24,https://www.scribe.com.co/arte-y-escritura/,301
/products/resaltadores-pastel-incolors-x10,https://www.scribe.com.co/arte-y-escritura/,301
/products/supertrolley-shark,https://www.scribe.com.co/moda-y-accesorios/,301
/products/trolley-astronauta,https://www.scribe.com.co/moda-y-accesorios/,301
/products/trolley-cards,https://www.scribe.com.co/moda-y-accesorios/,301
/products/trolley-cohete,https://www.scribe.com.co/moda-y-accesorios/,301
/products/trolley-cosmic,https://www.scribe.com.co/moda-y-accesorios/,301
/products/trolley-cosmic-cherry,https://www.scribe.com.co/moda-y-accesorios/,301
/products/trolley-dino,https://www.scribe.com.co/moda-y-accesorios/,301
/products/trolley-dog,https://www.scribe.com.co/moda-y-accesorios/,301
/products/trolley-dragon,https://www.scribe.com.co/moda-y-accesorios/,301
/products/trolley-ejecutivo-inblack,https://www.scribe.com.co/moda-y-accesorios/,301
/products/trolley-forest,https://www.scribe.com.co/moda-y-accesorios/,301
/products/trolley-futbol,https://www.scribe.com.co/moda-y-accesorios/,301
/products/trolley-gatito,https://www.scribe.com.co/moda-y-accesorios/,301
/products/trolley-liga-de-la-justicia,https://www.scribe.com.co/moda-y-accesorios/,301
/products/trolley-liga-de-la-justicia-pro,https://www.scribe.com.co/moda-y-accesorios/,301
/products/trolley-mariposa,https://www.scribe.com.co/moda-y-accesorios/,301
/products/trolley-mermaid,https://www.scribe.com.co/moda-y-accesorios/,301
/products/trolley-my-melody-pro,https://www.scribe.com.co/moda-y-accesorios/,301
/products/trolley-princesa,https://www.scribe.com.co/moda-y-accesorios/,301
/products/trolley-pulpo,https://www.scribe.com.co/moda-y-accesorios/,301
/products/trolley-shark,https://www.scribe.com.co/moda-y-accesorios/,301
/products/trolley-sirena,https://www.scribe.com.co/moda-y-accesorios/,301
/products/trolley-spiderman-gwen-mile,https://www.scribe.com.co/moda-y-accesorios/,301
/products/trolley-spiderman-miles,https://www.scribe.com.co/moda-y-accesorios/,301
/products/trolley-stitch,https://www.scribe.com.co/moda-y-accesorios/,301
/products/trolley-stitch-pro,https://www.scribe.com.co/moda-y-accesorios/,301
/products/trolley-transformers-pro,https://www.scribe.com.co/moda-y-accesorios/,301
/products/trolley-tyrex,https://www.scribe.com.co/moda-y-accesorios/,301
